"Trent","Moore"
"Edward","Henderson"
"Oliver","Turner"
"Byron","Cameron"
"Sydney","Miller"
"Carina","Bailey"
"Heather","Morris"
"Tyler","Stevens"
"Paige","Barrett"
"Kimberly","Carter"
"Clark","Stevens"
"Lana","Cameron"
"Natalie","Ross"
"Belinda","Cole"
"Olivia","Wells"
"Alexander","Miller"
"Roland","Alexander"
"Adam","Dixon"
"Lana","Barnes"
"Carina","Howard"
"Julia","Harrison"
"Natalie","Stevens"
"Steven","Gibson"
"Daisy","Cunningham"
"Miley","Warren"
"Agata","Mason"
"Tiana","Ferguson"
"Melanie","Jones"
"Aida","Smith"
"Leonardo","Adams"
"Lenny","Thompson"
"Caroline","Jones"
"Fiona","Nelson"
"Jacob","Harris"
"Alissa","Cooper"
"Gianna","Perry"
"Sienna","Owens"
"Heather","Ferguson"
"Alberta","Campbell"
"Lucy","Wells"
"Kimberly","Bennett"
"Justin","Hamilton"
"Gianna","Taylor"
"Carl","Allen"
"Kirsten","Richardson"
"Sarah","Carter"
"Camila","Cunningham"
"Freddie","Barrett"
"Connie","Wells"
"Aston","Gray"
"Julia","Turner"
"Nicholas","Richardson"
"Lyndon","Davis"
"Amy","Ellis"
"Amy","Hall"
"Abraham","Clark"
"Myra","Fowler"
"Rubie","Adams"
"Edwin","Thompson"
"Alissa","Sullivan"
"Deanna","Alexander"
"Daisy","Alexander"
"Alen","Chapman"
"Alissa","Walker"
"Fiona","Higgins"
"Lucy","Brown"
"Rebecca","Cooper"
"Chester","Clark"
"Cherry","Mason"
"Roland","Hill"
"Sabrina","Baker"
"Garry","Watson"
"George","Montgomery"
"Connie","Gibson"
"Aldus","Hawkins"
"James","Wilson"
"Ned","West"
"Jack","Mason"
"Victor","Morrison"
"Roman","Phillips"
"Chelsea","Reed"
"Abraham","Higgins"
"Rebecca","Henderson"
"Miller","Walker"
"Michael","Harris"
"Bruce","Ryan"
"Amy","Williams"
"Reid","Moore"
"Maria","Ellis"
"Aiden","Perry"
"Adison","Nelson"
"Tiana","Armstrong"
"Kate","Stewart"
"Ryan","Craig"
"Amelia","Murphy"
"Jacob","Craig"
"Dexter","Payne"
"Carina","Parker"
"Lydia","Fowler"
"Luke","Walker"
"Clark","Hamilton"
